Hat,Eyes,Fur,Background,Clothes,Mouth,Earring
Top Hat,Green,Glowing,Space,Robes,Smiling,Diamond
Beanie,Blue,Fluffy,Forest,T-shirt,Frowning,Pearl
Cap,Yellow,Shiny,Mountains,Hoodie,Open,Gold
Cowboy Hat,Red,Sparkling,Beach,Coat,Grinning,Silver
Fedora,Purple,Striped,City,Sweater,Laughing,Platinum
Sombrero,Orange,Furry,Desert,Tank Top,Scowling,Ruby
Beret,Pink,Sleek,Underwater,Dress,Neutral,Sapphire
Bucket Hat,Black,Solid,Polar,Ice Armor,Serious,Topaz
Baseball Cap,White,Fuzzy,Jungle,Cloak,Yawning,Amber
Feathered Hat,Teal,Glowing,Volcano,Armor,Stoic,Opal
Trucker Hat,Brown,Spotted,Clouds,Tunic,Grimacing,Emerald
Party Hat,Magenta,Glowing,Rainbow,Robe,Talking,Rose Gold
Visor,Gray,Reflective,Urban,Suit,Crying,Steel
Tiara,Cyan,Transparent,Space,Uniform,Screaming,Bronze
Headband,Lime,Glowing,Forest,Jeans,Smirking,Copper
Crown,Gold,Glowing,Palace,Skirt,Sleeping,Plastic
Headscarf,Silver,Glowing,Moonlit,Cape,Winking,Wood
Beanie,Maroon,Glowing,Stars,Tracksuit,Surprised,Leather
Wig,Lavender,Spiky,Graveyard,Gown,Pouting,Fabric
Headphones,Indigo,Glowing,Cyberpunk,Tracksuit,Chattering,Metal
Top Hat,Green,Glowing,Space,Robes,Smiling,Diamond
Beanie,Blue,Fluffy,Forest,T-shirt,Frowning,Pearl
Cap,Yellow,Shiny,Mountains,Hoodie,Open,Gold
Cowboy Hat,Red,Sparkling,Beach,Coat,Grinning,Silver
Fedora,Purple,Striped,City,Sweater,Laughing,Platinum
Sombrero,Orange,Furry,Desert,Tank Top,Scowling,Ruby
Beret,Pink,Sleek,Underwater,Dress,Neutral,Sapphire
Bucket Hat,Black,Solid,Polar,Ice Armor,Serious,Topaz
Baseball Cap,White,Fuzzy,Jungle,Cloak,Yawning,Amber
Feathered Hat,Teal,Glowing,Volcano,Armor,Stoic,Opal
Trucker Hat,Brown,Spotted,Clouds,Tunic,Grimacing,Emerald
Party Hat,Magenta,Glowing,Rainbow,Robe,Talking,Rose Gold
Visor,Gray,Reflective,Urban,Suit,Crying,Steel
Tiara,Cyan,Transparent,Space,Uniform,Screaming,Bronze
Headband,Lime,Glowing,Forest,Jeans,Smirking,Copper
Crown,Gold,Glowing,Palace,Skirt,Sleeping,Plastic
Headscarf,Silver,Glowing,Moonlit,Cape,Winking,Wood
Beanie,Maroon,Glowing,Stars,Tracksuit,Surprised,Leather
Wig,Lavender,Spiky,Graveyard,Gown,Pouting,Fabric
Headphones,Indigo,Glowing,Cyberpunk,Tracksuit,Chattering,Metal
Top Hat,Green,Glowing,Space,Robes,Smiling,Diamond
Beanie,Blue,Fluffy,Forest,T-shirt,Frowning,Pearl
Cap,Yellow,Shiny,Mountains,Hoodie,Open,Gold
Cowboy Hat,Red,Sparkling,Beach,Coat,Grinning,Silver
Fedora,Purple,Striped,City,Sweater,Laughing,Platinum
Sombrero,Orange,Furry,Desert,Tank Top,Scowling,Ruby
Beret,Pink,Sleek,Underwater,Dress,Neutral,Sapphire
Bucket Hat,Black,Solid,Polar,Ice Armor,Serious,Topaz
Baseball Cap,White,Fuzzy,Jungle,Cloak,Yawning,Amber
Feathered Hat,Teal,Glowing,Volcano,Armor,Stoic,Opal
Trucker Hat,Brown,Spotted,Clouds,Tunic,Grimacing,Emerald
Party Hat,Magenta,Glowing,Rainbow,Robe,Talking,Rose Gold
Visor,Gray,Reflective,Urban,Suit,Crying,Steel
Tiara,Cyan,Transparent,Space,Uniform,Screaming,Bronze
Headband,Lime,Glowing,Forest,Jeans,Smirking,Copper
Crown,Gold,Glowing,Palace,Skirt,Sleeping,Plastic
Headscarf,Silver,Glowing,Moonlit,Cape,Winking,Wood
Beanie,Maroon,Glowing,Stars,Tracksuit,Surprised,Leather
Wig,Lavender,Spiky,Graveyard,Gown,Pouting,Fabric
Headphones,Indigo,Glowing,Cyberpunk,Tracksuit,Chattering,Metal
Top Hat,Green,Glowing,Space,Robes,Smiling,Diamond
Beanie,Blue,Fluffy,Forest,T-shirt,Frowning,Pearl
Cap,Yellow,Shiny,Mountains,Hoodie,Open,Gold
Cowboy Hat,Red,Sparkling,Beach,Coat,Grinning,Silver
Fedora,Purple,Striped,City,Sweater,Laughing,Platinum
Sombrero,Orange,Furry,Desert,Tank Top,Scowling,Ruby
Beret,Pink,Sleek,Underwater,Dress,Neutral,Sapphire
Bucket Hat,Black,Solid,Polar,Ice Armor,Serious,Topaz
Baseball Cap,White,Fuzzy,Jungle,Cloak,Yawning,Amber
Feathered Hat,Teal,Glowing,Volcano,Armor,Stoic,Opal
Trucker Hat,Brown,Spotted,Clouds,Tunic,Grimacing,Emerald
Party Hat,Magenta,Glowing,Rainbow,Robe,Talking,Rose Gold
Visor,Gray,Reflective,Urban,Suit,Crying,Steel
Tiara,Cyan,Transparent,Space,Uniform,Screaming,Bronze
Headband,Lime,Glowing,Forest,Jeans,Smirking,Copper
Crown,Gold,Glowing,Palace,Skirt,Sleeping,Plastic
Headscarf,Silver,Glowing,Moonlit,Cape,Winking,Wood
Beanie,Maroon,Glowing,Stars,Tracksuit,Surprised,Leather
Wig,Lavender,Spiky,Graveyard,Gown,Pouting,Fabric
Headphones,Indigo,Glowing,Cyberpunk,Tracksuit,Chattering,Metal
Top Hat,Green,Glowing,Space,Robes,Smiling,Diamond
Beanie,Blue,Fluffy,Forest,T-shirt,Frowning,Pearl
Cap,Yellow,Shiny,Mountains,Hoodie,Open,Gold
Cowboy Hat,Red,Sparkling,Beach,Coat,Grinning,Silver
Fedora,Purple,Striped,City,Sweater,Laughing,Platinum
Sombrero,Orange,Furry,Desert,Tank Top,Scowling,Ruby
Beret,Pink,Sleek,Underwater,Dress,Neutral,Sapphire
Bucket Hat,Black,Solid,Polar,Ice Armor,Serious,Topaz
Baseball Cap,White,Fuzzy,Jungle,Cloak,Yawning,Amber
Feathered Hat,Teal,Glowing,Volcano,Armor,Stoic,Opal
Trucker Hat,Brown,Spotted,Clouds,Tunic,Grimacing,Emerald
Party Hat,Magenta,Glowing,Rainbow,Robe,Talking,Rose Gold
Visor,Gray,Reflective,Urban,Suit,Crying,Steel
Tiara,Cyan,Transparent,Space,Uniform,Screaming,Bronze
Headband,Lime,Glowing,Forest,Jeans,Smirking,Copper
Crown,Gold,Glowing,Palace,Skirt,Sleeping,Plastic
Headscarf,Silver,Glowing,Moonlit,Cape,Winking,Wood
Beanie,Maroon,Glowing,Stars,Tracksuit,Surprised,Leather
Wig,Lavender,Spiky,Graveyard,Gown,Pouting,Fabric
Headphones,Indigo,Glowing,Cyberpunk,Tracksuit,Chattering,Metal
Top Hat,Green,Glowing,Space,Robes,Smiling,Diamond
Beanie,Blue,Fluffy,Forest,T-shirt,Frowning,Pearl
Cap,Yellow,Shiny,Mountains,Hoodie,Open,Gold
Cowboy Hat,Red,Sparkling,Beach,Coat,Grinning,Silver
Fedora,Purple,Striped,City,Sweater,Laughing,Platinum
Sombrero,Orange,Furry,Desert,Tank Top,Scowling,Ruby
Beret,Pink,Sleek,Underwater,Dress,Neutral,Sapphire
Bucket Hat,Black,Solid,Polar,Ice Armor,Serious,Topaz
Baseball Cap,White,Fuzzy,Jungle,Cloak,Yawning,Amber
Feathered Hat,Teal,Glowing,Volcano,Armor,Stoic,Opal
Trucker Hat,Brown,Spotted,Clouds,Tunic,Grimacing,Emerald
Party Hat,Magenta,Glowing,Rainbow,Robe,Talking,Rose Gold
Visor,Gray,Reflective,Urban,Suit,Crying,Steel
Tiara,Cyan,Transparent,Space,Uniform,Screaming,Bronze
Headband,Lime,Glowing,Forest,Jeans,Smirking,Copper
Crown,Gold,Glowing,Palace,Skirt,Sleeping,Plastic
Headscarf,Silver,Glowing,Moonlit,Cape,Winking,Wood
Beanie,Maroon,Glowing,Stars,Tracksuit,Surprised,Leather
Wig,Lavender,Spiky,Graveyard,Gown,Pouting,Fabric
Headphones,Indigo,Glowing,Cyberpunk,Tracksuit,Chattering,Metal
Top Hat,Green,Glowing,Space,Robes,Smiling,Diamond
Beanie,Blue,Fluffy,Forest,T-shirt,Frowning,Pearl
Cap,Yellow,Shiny,Mountains,Hoodie,Open,Gold
Cowboy Hat,Red,Sparkling,Beach,Coat,Grinning,Silver
Fedora,Purple,Striped,City,Sweater,Laughing,Platinum
Sombrero,Orange,Furry,Desert,Tank Top,Scowling,Ruby
Beret,Pink,Sleek,Underwater,Dress,Neutral,Sapphire
Bucket Hat,Black,Solid,Polar,Ice Armor,Serious,Topaz
Baseball Cap,White,Fuzzy,Jungle,Cloak,Yawning,Amber
Feathered Hat,Teal,Glowing,Volcano,Armor,Stoic,Opal
Trucker Hat,Brown,Spotted,Clouds,Tunic,Grimacing,Emerald
Party Hat,Magenta,Glowing,Rainbow,Robe,Talking,Rose Gold
Visor,Gray,Reflective,Urban,Suit,Crying,Steel
Tiara,Cyan,Transparent,Space,Uniform,Screaming,Bronze
Headband,Lime,Glowing,Forest,Jeans,Smirking,Copper
Crown,Gold,Glowing,Palace,Skirt,Sleeping,Plastic
Headscarf,Silver,Glowing,Moonlit,Cape,Winking,Wood
Beanie,Maroon,Glowing,Stars,Tracksuit,Surprised,Leather
Wig,Lavender,Spiky,Graveyard,Gown,Pouting,Fabric
Headphones,Indigo,Glowing,Cyberpunk,Tracksuit,Chattering,Metal
Top Hat,Green,Glowing,Space,Robes,Smiling,Diamond
Beanie,Blue,Fluffy,Forest,T-shirt,Frowning,Pearl
Cap,Yellow,Shiny,Mountains,Hoodie,Open,Gold
Cowboy Hat,Red,Sparkling,Beach,Coat,Grinning,Silver
Fedora,Purple,Striped,City,Sweater,Laughing,Platinum
Sombrero,Orange,Furry,Desert,Tank Top,Scowling,Ruby
Beret,Pink,Sleek,Underwater,Dress,Neutral,Sapphire
Bucket Hat,Black,Solid,Polar,Ice Armor,Serious,Topaz
Baseball Cap,White,Fuzzy,Jungle,Cloak,Yawning,Amber
Feathered Hat,Teal,Glowing,Volcano,Armor,Stoic,Opal
Trucker Hat,Brown,Spotted,Clouds,Tunic,Grimacing,Emerald
Party Hat,Magenta,Glowing,Rainbow,Robe,Talking,Rose Gold
Visor,Gray,Reflective,Urban,Suit,Crying,Steel
Tiara,Cyan,Transparent,Space,Uniform,Screaming,Bronze
Headband,Lime,Glowing,Forest,Jeans,Smirking,Copper
Crown,Gold,Glowing,Palace,Skirt,Sleeping,Plastic
Headscarf,Silver,Glowing,Moonlit,Cape,Winking,Wood
Beanie,Maroon,Glowing,Stars,Tracksuit,Surprised,Leather
Wig,Lavender,Spiky,Graveyard,Gown,Pouting,Fabric
Headphones,Indigo,Glowing,Cyberpunk,Tracksuit,Chattering,Metal
Top Hat,Green,Glowing,Space,Robes,Smiling,Diamond
Beanie,Blue,Fluffy,Forest,T-shirt,Frowning,Pearl
Cap,Yellow,Shiny,Mountains,Hoodie,Open,Gold
Cowboy Hat,Red,Sparkling,Beach,Coat,Grinning,Silver
Fedora,Purple,Striped,City,Sweater,Laughing,Platinum
Sombrero,Orange,Furry,Desert,Tank Top,Scowling,Ruby
Beret,Pink,Sleek,Underwater,Dress,Neutral,Sapphire
Bucket Hat,Black,Solid,Polar,Ice Armor,Serious,Topaz
Baseball Cap,White,Fuzzy,Jungle,Cloak,Yawning,Amber
Feathered Hat,Teal,Glowing,Volcano,Armor,Stoic,Opal
Trucker Hat,Brown,Spotted,Clouds,Tunic,Grimacing,Emerald
Party Hat,Magenta,Glowing,Rainbow,Robe,Talking,Rose Gold
Visor,Gray,Reflective,Urban,Suit,Crying,Steel
Tiara,Cyan,Transparent,Space,Uniform,Screaming,Bronze
Headband,Lime,Glowing,Forest,Jeans,Smirking,Copper
Crown,Gold,Glowing,Palace,Skirt,Sleeping,Plastic
Headscarf,Silver,Glowing,Moonlit,Cape,Winking,Wood
Beanie,Maroon,Glowing,Stars,Tracksuit,Surprised,Leather
Wig,Lavender,Spiky,Graveyard,Gown,Pouting,Fabric
Headphones,Indigo,Glowing,Cyberpunk,Tracksuit,Chattering,Metal
Top Hat,Green,Glowing,Space,Robes,Smiling,Diamond
Beanie,Blue,Fluffy,Forest,T-shirt,Frowning,Pearl
Cap,Yellow,Shiny,Mountains,Hoodie,Open,Gold
Cowboy Hat,Red,Sparkling,Beach,Coat,Grinning,Silver
Fedora,Purple,Striped,City,Sweater,Laughing,Platinum
Sombrero,Orange,Furry,Desert,Tank Top,Scowling,Ruby
Beret,Pink,Sleek,Underwater,Dress,Neutral,Sapphire
Bucket Hat,Black,Solid,Polar,Ice Armor,Serious,Topaz
Baseball Cap,White,Fuzzy,Jungle,Cloak,Yawning,Amber
Feathered Hat,Teal,Glowing,Volcano,Armor,Stoic,Opal
Trucker Hat,Brown,Spotted,Clouds,Tunic,Grimacing,Emerald
Party Hat,Magenta,Glowing,Rainbow,Robe,Talking,Rose Gold
Visor,Gray,Reflective,Urban,Suit,Crying,Steel
Tiara,Cyan,Transparent,Space,Uniform,Screaming,Bronze
Headband,Lime,Glowing,Forest,Jeans,Smirking,Copper
Crown,Gold,Glowing,Palace,Skirt,Sleeping,Plastic
Headscarf,Silver,Glowing,Moonlit,Cape,Winking,Wood
Beanie,Maroon,Glowing,Stars,Tracksuit,Surprised,Leather
Wig,Lavender,Spiky,Graveyard,Gown,Pouting,Fabric
Headphones,Indigo,Glowing,Cyberpunk,Tracksuit,Chattering,Metal
Top Hat,Green,Glowing,Space,Robes,Smiling,Diamond
Beanie,Blue,Fluffy,Forest,T-shirt,Frowning,Pearl
Cap,Yellow,Shiny,Mountains,Hoodie,Open,Gold
Cowboy Hat,Red,Sparkling,Beach,Coat,Grinning,Silver
Fedora,Purple,Striped,City,Sweater,Laughing,Platinum
Sombrero,Orange,Furry,Desert,Tank Top,Scowling,Ruby
Beret,Pink,Sleek,Underwater,Dress,Neutral,Sapphire
Bucket Hat,Black,Solid,Polar,Ice Armor,Serious,Topaz
Baseball Cap,White,Fuzzy,Jungle,Cloak,Yawning,Amber
Feathered Hat,Teal,Glowing,Volcano,Armor,Stoic,Opal
Trucker Hat,Brown,Spotted,Clouds,Tunic,Grimacing,Emerald
Party Hat,Magenta,Glowing,Rainbow,Robe,Talking,Rose Gold
Visor,Gray,Reflective,Urban,Suit,Crying,Steel
Tiara,Cyan,Transparent,Space,Uniform,Screaming,Bronze
Headband,Lime,Glowing,Forest,Jeans,Smirking,Copper
Crown,Gold,Glowing,Palace,Skirt,Sleeping,Plastic
Headscarf,Silver,Glowing,Moonlit,Cape,Winking,Wood
Beanie,Maroon,Glowing,Stars,Tracksuit,Surprised,Leather
Wig,Lavender,Spiky,Graveyard,Gown,Pouting,Fabric
Headphones,Indigo,Glowing,Cyberpunk,Tracksuit,Chattering,Metal
Top Hat,Green,Glowing,Space,Robes,Smiling,Diamond
Beanie,Blue,Fluffy,Forest,T-shirt,Frowning,Pearl
Cap,Yellow,Shiny,Mountains,Hoodie,Open,Gold
Cowboy Hat,Red,Sparkling,Beach,Coat,Grinning,Silver
Fedora,Purple,Striped,City,Sweater,Laughing,Platinum
Sombrero,Orange,Furry,Desert,Tank Top,Scowling,Ruby
Beret,Pink,Sleek,Underwater,Dress,Neutral,Sapphire
Bucket Hat,Black,Solid,Polar,Ice Armor,Serious,Topaz
Baseball Cap,White,Fuzzy,Jungle,Cloak,Yawning,Amber
Feathered Hat,Teal,Glowing,Volcano,Armor,Stoic,Opal
Trucker Hat,Brown,Spotted,Clouds,Tunic,Grimacing,Emerald
Party Hat,Magenta,Glowing,Rainbow,Robe,Talking,Rose Gold
Visor,Gray,Reflective,Urban,Suit,Crying,Steel
Tiara,Cyan,Transparent,Space,Uniform,Screaming,Bronze
Headband,Lime,Glowing,Forest,Jeans,Smirking,Copper
Crown,Gold,Glowing,Palace,Skirt,Sleeping,Plastic
Headscarf,Silver,Glowing,Moonlit,Cape,Winking,Wood
Beanie,Maroon,Glowing,Stars,Tracksuit,Surprised,Leather
Wig,Lavender,Spiky,Graveyard,Gown,Pouting,Fabric
Headphones,Indigo,Glowing,Cyberpunk,Tracksuit,Chattering,Metal
Top Hat,Green,Glowing,Space,Robes,Smiling,Diamond
Beanie,Blue,Fluffy,Forest,T-shirt,Frowning,Pearl
Cap,Yellow,Shiny,Mountains,Hoodie,Open,Gold
Cowboy Hat,Red,Sparkling,Beach,Coat,Grinning,Silver
Fedora,Purple,Striped,City,Sweater,Laughing,Platinum
Sombrero,Orange,Furry,Desert,Tank Top,Scowling,Ruby
Beret,Pink,Sleek,Underwater,Dress,Neutral,Sapphire
Bucket Hat,Black,Solid,Polar,Ice Armor,Serious,Topaz
Baseball Cap,White,Fuzzy,Jungle,Cloak,Yawning,Amber
Feathered Hat,Teal,Glowing,Volcano,Armor,Stoic,Opal
Trucker Hat,Brown,Spotted,Clouds,Tunic,Grimacing,Emerald
Party Hat,Magenta,Glowing,Rainbow,Robe,Talking,Rose Gold
Visor,Gray,Reflective,Urban,Suit,Crying,Steel
Tiara,Cyan,Transparent,Space,Uniform,Screaming,Bronze
Headband,Lime,Glowing,Forest,Jeans,Smirking,Copper
Crown,Gold,Glowing,Palace,Skirt,Sleeping,Plastic
Headscarf,Silver,Glowing,Moonlit,Cape,Winking,Wood
Beanie,Maroon,Glowing,Stars,Tracksuit,Surprised,Leather
Wig,Lavender,Spiky,Graveyard,Gown,Pouting,Fabric
Headphones,Indigo,Glowing,Cyberpunk,Tracksuit,Chattering,Metal
Top Hat,Green,Glowing,Space,Robes,Smiling,Diamond
Beanie,Blue,Fluffy,Forest,T-shirt,Frowning,Pearl
Cap,Yellow,Shiny,Mountains,Hoodie,Open,Gold
Cowboy Hat,Red,Sparkling,Beach,Coat,Grinning,Silver
Fedora,Purple,Striped,City,Sweater,Laughing,Platinum
Sombrero,Orange,Furry,Desert,Tank Top,Scowling,Ruby
Beret,Pink,Sleek,Underwater,Dress,Neutral,Sapphire
Bucket Hat,Black,Solid,Polar,Ice Armor,Serious,Topaz
Baseball Cap,White,Fuzzy,Jungle,Cloak,Yawning,Amber
Feathered Hat,Teal,Glowing,Volcano,Armor,Stoic,Opal
Trucker Hat,Brown,Spotted,Clouds,Tunic,Grimacing,Emerald
Party Hat,Magenta,Glowing,Rainbow,Robe,Talking,Rose Gold
Visor,Gray,Reflective,Urban,Suit,Crying,Steel
Tiara,Cyan,Transparent,Space,Uniform,Screaming,Bronze
Headband,Lime,Glowing,Forest,Jeans,Smirking,Copper
Crown,Gold,Glowing,Palace,Skirt,Sleeping,Plastic
Headscarf,Silver,Glowing,Moonlit,Cape,Winking,Wood
Beanie,Maroon,Glowing,Stars,Tracksuit,Surprised,Leather
Wig,Lavender,Spiky,Graveyard,Gown,Pouting,Fabric
Headphones,Indigo,Glowing,Cyberpunk,Tracksuit,Chattering,Metal
Top Hat,Green,Glowing,Space,Robes,Smiling,Diamond
Beanie,Blue,Fluffy,Forest,T-shirt,Frowning,Pearl
Cap,Yellow,Shiny,Mountains,Hoodie,Open,Gold
Cowboy Hat,Red,Sparkling,Beach,Coat,Grinning,Silver
Fedora,Purple,Striped,City,Sweater,Laughing,Platinum
Sombrero,Orange,Furry,Desert,Tank Top,Scowling,Ruby
Beret,Pink,Sleek,Underwater,Dress,Neutral,Sapphire
Bucket Hat,Black,Solid,Polar,Ice Armor,Serious,Topaz
Baseball Cap,White,Fuzzy,Jungle,Cloak,Yawning,Amber
Feathered Hat,Teal,Glowing,Volcano,Armor,Stoic,Opal
Trucker Hat,Brown,Spotted,Clouds,Tunic,Grimacing,Emerald
Party Hat,Magenta,Glowing,Rainbow,Robe,Talking,Rose Gold
Visor,Gray,Reflective,Urban,Suit,Crying,Steel
Tiara,Cyan,Transparent,Space,Uniform,Screaming,Bronze
Headband,Lime,Glowing,Forest,Jeans,Smirking,Copper
Crown,Gold,Glowing,Palace,Skirt,Sleeping,Plastic
Headscarf,Silver,Glowing,Moonlit,Cape,Winking,Wood
Beanie,Maroon,Glowing,Stars,Tracksuit,Surprised,Leather
Wig,Lavender,Spiky,Graveyard,Gown,Pouting,Fabric
Headphones,Indigo,Glowing,Cyberpunk,Tracksuit,Chattering,Metal
Hat,Eyes,Fur,Background,Clothes,Mouth,Earring
Top Hat,Green,Glowing,Space,Robes,Smiling,Diamond
Beanie,Blue,Fluffy,Forest,T-shirt,Frowning,Pearl
Cap,Yellow,Shiny,Mountains,Hoodie,Open,Gold
Cowboy Hat,Red,Sparkling,Beach,Coat,Grinning,Silver
Fedora,Purple,Striped,City,Sweater,Laughing,Platinum
Sombrero,Orange,Furry,Desert,Tank Top,Scowling,Ruby
Beret,Pink,Sleek,Underwater,Dress,Neutral,Sapphire
Bucket Hat,Black,Solid,Polar,Ice Armor,Serious,Topaz
Baseball Cap,White,Fuzzy,Jungle,Cloak,Yawning,Amber
Feathered Hat,Teal,Glowing,Volcano,Armor,Stoic,Opal
Trucker Hat,Brown,Spotted,Clouds,Tunic,Grimacing,Emerald
Party Hat,Magenta,Glowing,Rainbow,Robe,Talking,Rose Gold
Visor,Gray,Reflective,Urban,Suit,Crying,Steel
Tiara,Cyan,Transparent,Space,Uniform,Screaming,Bronze
Headband,Lime,Glowing,Forest,Jeans,Smirking,Copper
Crown,Gold,Glowing,Palace,Skirt,Sleeping,Plastic
Headscarf,Silver,Glowing,Moonlit,Cape,Winking,Wood
Beanie,Maroon,Glowing,Stars,Tracksuit,Surprised,Leather
Wig,Lavender,Spiky,Graveyard,Gown,Pouting,Fabric
Headphones,Indigo,Glowing,Cyberpunk,Tracksuit,Chattering,Metal
Top Hat,Green,Glowing,Space,Robes,Smiling,Diamond
Beanie,Blue,Fluffy,Forest,T-shirt,Frowning,Pearl
Cap,Yellow,Shiny,Mountains,Hoodie,Open,Gold
Cowboy Hat,Red,Sparkling,Beach,Coat,Grinning,Silver
Fedora,Purple,Striped,City,Sweater,Laughing,Platinum
Sombrero,Orange,Furry,Desert,Tank Top,Scowling,Ruby
Beret,Pink,Sleek,Underwater,Dress,Neutral,Sapphire
Bucket Hat,Black,Solid,Polar,Ice Armor,Serious,Topaz
Baseball Cap,White,Fuzzy,Jungle,Cloak,Yawning,Amber
Feathered Hat,Teal,Glowing,Volcano,Armor,Stoic,Opal
Trucker Hat,Brown,Spotted,Clouds,Tunic,Grimacing,Emerald
Party Hat,Magenta,Glowing,Rainbow,Robe,Talking,Rose Gold
Visor,Gray,Reflective,Urban,Suit,Crying,Steel
Tiara,Cyan,Transparent,Space,Uniform,Screaming,Bronze
Headband,Lime,Glowing,Forest,Jeans,Smirking,Copper
Crown,Gold,Glowing,Palace,Skirt,Sleeping,Plastic
Headscarf,Silver,Glowing,Moonlit,Cape,Winking,Wood
Beanie,Maroon,Glowing,Stars,Tracksuit,Surprised,Leather
Wig,Lavender,Spiky,Graveyard,Gown,Pouting,Fabric
Headphones,Indigo,Glowing,Cyberpunk,Tracksuit,Chattering,Metal
Top Hat,Green,Glowing,Space,Robes,Smiling,Diamond
Beanie,Blue,Fluffy,Forest,T-shirt,Frowning,Pearl
Cap,Yellow,Shiny,Mountains,Hoodie,Open,Gold
Cowboy Hat,Red,Sparkling,Beach,Coat,Grinning,Silver
Fedora,Purple,Striped,City,Sweater,Laughing,Platinum
Sombrero,Orange,Furry,Desert,Tank Top,Scowling,Ruby
Beret,Pink,Sleek,Underwater,Dress,Neutral,Sapphire
Bucket Hat,Black,Solid,Polar,Ice Armor,Serious,Topaz
Baseball Cap,White,Fuzzy,Jungle,Cloak,Yawning,Amber
Feathered Hat,Teal,Glowing,Volcano,Armor,Stoic,Opal
Trucker Hat,Brown,Spotted,Clouds,Tunic,Grimacing,Emerald
Party Hat,Magenta,Glowing,Rainbow,Robe,Talking,Rose Gold
Visor,Gray,Reflective,Urban,Suit,Crying,Steel
Tiara,Cyan,Transparent,Space,Uniform,Screaming,Bronze
Headband,Lime,Glowing,Forest,Jeans,Smirking,Copper
Crown,Gold,Glowing,Palace,Skirt,Sleeping,Plastic
Headscarf,Silver,Glowing,Moonlit,Cape,Winking,Wood
Beanie,Maroon,Glowing,Stars,Tracksuit,Surprised,Leather
Wig,Lavender,Spiky,Graveyard,Gown,Pouting,Fabric
Headphones,Indigo,Glowing,Cyberpunk,Tracksuit,Chattering,Metal
Top Hat,Green,Glowing,Space,Robes,Smiling,Diamond
Beanie,Blue,Fluffy,Forest,T-shirt,Frowning,Pearl
Cap,Yellow,Shiny,Mountains,Hoodie,Open,Gold
Cowboy Hat,Red,Sparkling,Beach,Coat,Grinning,Silver
Fedora,Purple,Striped,City,Sweater,Laughing,Platinum
Sombrero,Orange,Furry,Desert,Tank Top,Scowling,Ruby
Beret,Pink,Sleek,Underwater,Dress,Neutral,Sapphire
Bucket Hat,Black,Solid,Polar,Ice Armor,Serious,Topaz
Baseball Cap,White,Fuzzy,Jungle,Cloak,Yawning,Amber
Feathered Hat,Teal,Glowing,Volcano,Armor,Stoic,Opal
Trucker Hat,Brown,Spotted,Clouds,Tunic,Grimacing,Emerald
Party Hat,Magenta,Glowing,Rainbow,Robe,Talking,Rose Gold
Visor,Gray,Reflective,Urban,Suit,Crying,Steel
Tiara,Cyan,Transparent,Space,Uniform,Screaming,Bronze
Headband,Lime,Glowing,Forest,Jeans,Smirking,Copper
Crown,Gold,Glowing,Palace,Skirt,Sleeping,Plastic
Headscarf,Silver,Glowing,Moonlit,Cape,Winking,Wood
Beanie,Maroon,Glowing,Stars,Tracksuit,Surprised,Leather
Wig,Lavender,Spiky,Graveyard,Gown,Pouting,Fabric
Headphones,Indigo,Glowing,Cyberpunk,Tracksuit,Chattering,Metal
Top Hat,Green,Glowing,Space,Robes,Smiling,Diamond
Beanie,Blue,Fluffy,Forest,T-shirt,Frowning,Pearl
Cap,Yellow,Shiny,Mountains,Hoodie,Open,Gold
Cowboy Hat,Red,Sparkling,Beach,Coat,Grinning,Silver
Fedora,Purple,Striped,City,Sweater,Laughing,Platinum
Sombrero,Orange,Furry,Desert,Tank Top,Scowling,Ruby
Beret,Pink,Sleek,Underwater,Dress,Neutral,Sapphire
Bucket Hat,Black,Solid,Polar,Ice Armor,Serious,Topaz
Baseball Cap,White,Fuzzy,Jungle,Cloak,Yawning,Amber
Feathered Hat,Teal,Glowing,Volcano,Armor,Stoic,Opal
Trucker Hat,Brown,Spotted,Clouds,Tunic,Grimacing,Emerald
Party Hat,Magenta,Glowing,Rainbow,Robe,Talking,Rose Gold
Visor,Gray,Reflective,Urban,Suit,Crying,Steel
Tiara,Cyan,Transparent,Space,Uniform,Screaming,Bronze
Headband,Lime,Glowing,Forest,Jeans,Smirking,Copper
Crown,Gold,Glowing,Palace,Skirt,Sleeping,Plastic
Headscarf,Silver,Glowing,Moonlit,Cape,Winking,Wood
Beanie,Maroon,Glowing,Stars,Tracksuit,Surprised,Leather
Wig,Lavender,Spiky,Graveyard,Gown,Pouting,Fabric
